chapter	title	summary	meaning	question
1	Listen before joining others	Solomon’s opening teaches a learner to hear parents. Wisdom warns people against joining violent men.	The men promise shared wealth. Their plan destroys lives, including their own.	Why does Wisdom warn that the violent men trap themselves?
2	Search for wisdom	The teacher urges the learner to seek understanding. Wisdom guards against dishonest men and unfaithful partners.	Learning requires listening and searching. The teacher connects understanding with fair actions toward others.	Which actions does the teacher compare with searching for treasure?
3	Trust God and help neighbors	The teacher urges trust in God, generous giving, and kind treatment of neighbors.	Trust changes daily choices. The learner must give needed help without making a neighbor wait.	Why should the learner help a neighbor today rather than tomorrow?
4	Choose a path carefully	A father recalls his own father’s teaching. He warns against joining people who harm others.	The path image connects repeated choices with where a person’s life goes.	How do speech, sight, and steps affect the path the learner follows?
5	Remain faithful to your wife	The teacher warns against adultery, sex that breaks marriage promises. He urges delight in one’s wife.	The tempting invitation hides harm to health, work, and relationships.	What costs does the teacher describe beyond the first attraction?
6	Promises, work, and harmful acts	The teacher warns about unpaid debts, laziness, lying, and adultery. He describes ants preparing food.	Careless promises can put others’ debts on the learner. Planning and honest work reduce that danger.	How does the ant’s work differ from the sleeper’s choices?
7	A learner follows a tempting invitation	The teacher watches a young man meet a married woman. She persuades him to follow her.	Her words hide the risk. The teacher compares his unthinking steps with animals approaching traps.	Which details show the difference between her promises and the danger?
8	Wisdom speaks in public	Wisdom calls people to listen. She describes fair rule and her presence before God formed the earth.	The poem gives wisdom a woman’s voice. Her public invitation contrasts with chapter 7’s secret meeting.	How does Wisdom’s public invitation differ from the woman’s invitation in chapter 7?
9	Two women invite the learner	Wisdom prepares a meal and invites learners. Folly offers stolen food while hiding death.	Both invitations sound welcoming. The learner must examine what each woman offers and where it leads.	What does Folly hide that Wisdom openly explains?
10	Words and work affect others	Sayings compare honest work with laziness, truthful words with lies, and care with hatred.	Speech can protect neighbors or harm them. The sayings connect character with repeated daily actions.	How does hatred stir up quarrels while love covers offenses?
11	Honesty in trade and community	Sayings condemn false weights, gossip, and withholding grain. They praise fair trade and generous help.	Dishonest trade harms buyers. Sharing food supports people whom the wealthy could otherwise exploit.	How does withholding grain affect the people who need it?
12	Correction, work, and careful speech	Sayings praise learning from correction, caring for animals, and speaking words that heal.	Rash words can wound like a sword. Honest advice and kindness can help someone recover.	Why does the chapter compare rash speech with a sword?
13	Choose teachers and companions	Sayings discuss patient work, delayed hope, good companions, and parents correcting children.	The poor can lose productive fields through injustice. Poverty does not always result from laziness.	How does verse 23 challenge blaming every poor person for poverty?
14	Look beyond first impressions	Sayings compare careful thought with quick anger. They describe hidden grief and mistreatment of poor people.	A cheerful face can hide pain. Wealth and appearances do not show a person’s whole experience.	Why should the learner look beyond laughter when judging someone’s happiness?
15	Answer gently and accept advice	Sayings praise gentle answers, careful listening, and loving homes. They warn against anger and greed.	A gentle answer can reduce anger. A loving meal matters more than expensive food with hatred.	How do gentle words change the direction of a quarrel?
16	Plans need humility and self-control	Sayings discuss God weighing motives, rulers judging fairly, and pride preceding a fall.	Winning a city requires force. Controlling anger requires strength directed at one’s own actions.	Why does the chapter value controlling anger above capturing a city?
17	Peace, friendship, and fair judgment	Sayings praise quiet homes and lasting friends. They warn against gossip, bribery, and unfair judgments.	Repeated gossip can separate friends. A judge who accepts payment harms people seeking a fair hearing.	How do repeated accusations damage a friendship?
18	Listen before answering	Sayings warn against answering too soon. They describe arguments, unreliable wealth, and a faithful friend.	The first account can sound convincing. Hearing questions and the other person can reveal missing facts.	Why should a judge hear more than the first person’s account?
19	Wealth changes how people treat neighbors	Sayings describe friends abandoning poor people. They praise patience, generosity, and teaching children.	People may seek a wealthy friend’s gifts rather than friendship. Helping the poor serves God.	How does the chapter expose friendships that depend on wealth?
20	Trade honestly and avoid revenge	Sayings warn about wine, false weights, careless promises, and paying back harm.	A buyer pretends goods have little value, then boasts. His words serve his own advantage.	What does the buyer’s changed story reveal about his honesty?
21	Justice matters more than offerings	Sayings discuss fair conduct, dishonest wealth, ignored cries, and plans for battle.	Religious gifts do not excuse harmful actions. Refusing to hear the poor can leave others without help.	Why does the chapter place fair conduct above an offering?
22	A good name and fair treatment	Sayings compare a good name with riches. A new teaching section warns against robbing poor people.	Rich and poor share one maker. A person’s wealth does not justify taking advantage of them.	Why does the teacher mention God when forbidding harm to poor people?
23	Control appetite and protect others’ property	The teacher warns about deceptive hosts, chasing wealth, taking land, and repeated drunkenness.	Moving a boundary steals land. Children without a protecting father face particular danger from powerful neighbors.	Why does the teacher warn against entering the fields of fatherless children?
24	Rescue people and examine your work	The teacher urges rescue of people facing death. He warns against delighting in an enemy’s fall.	Claiming ignorance does not remove responsibility to help. An enemy’s suffering does not justify celebration.	What excuse does the teacher reject when someone needs rescue?
25	Hezekiah’s men collect Solomon’s sayings	Hezekiah’s men copy sayings about rulers, disputes, friendship, and helping enemies.	Offering food to an enemy changes the response to conflict. Revenge need not decide the next action.	What does feeding a hungry enemy require beyond winning an argument?
26	Choose when to answer foolish speech	Sayings warn both against answering a fool and against leaving foolish claims unanswered.	The paired warnings require judgment. An answer can either repeat the foolishness or challenge false confidence.	How can the two warnings in verses 4–5 fit different situations?
27	Care for friends and flocks	Sayings praise honest friends and nearby help. They urge careful attention to sheep and goats.	Wealth does not last forever. Knowing the flock’s condition supports food and clothing for the household.	Why does the teacher connect daily care for animals with the household’s future?
28	Honest poverty and harmful wealth	Sayings compare honest poor people with crooked rich people. They condemn rulers who exploit the weak.	Having little does not make someone less honest. Wealth can hide harm, including profits from unfair loans.	Which actions show that a wealthy person has harmed poorer neighbors?
29	Rulers, anger, and teaching children	Sayings connect fair rulers with public joy. They warn against bribery, uncontrolled anger, and neglected children.	A ruler’s choices affect many households. Listening to poor people helps protect fair judgment.	How does hearing a poor person’s case affect a ruler’s work?
30	Agur asks for enough	Agur admits limited understanding. He asks for enough food and describes lessons from animals.	He fears that riches could lead him to forget God. Hunger could lead him to steal.	Why does Agur ask for neither poverty nor riches?
31	A mother advises a king	Lemuel recalls his mother’s warning about drink and unfair judgment. A poem praises a capable woman.	The woman buys land, makes goods, feeds her household, and helps the poor. Her work benefits others.	How do the woman’s business decisions help both her household and poor neighbors?
