chapter	title	summary	meaning
1	Two paths	The poem compares a person who follows God’s teaching with windblown chaff.	The rooted tree pictures steady growth. Chaff pictures a life without lasting support.
2	Kings oppose the Lord’s chosen king	Rulers resist the Lord and his anointed king. The poem calls them to serve with care.	Royal power remains answerable to God. Defiance cannot secure the rulers’ future.
3	Rest while enemies surround the speaker	The speaker faces many enemies but sleeps with trust in God’s protection.	Rest becomes an act of trust during danger. The heading connects the prayer with Absalom’s rebellion.
4	An evening prayer for peace	The speaker asks for an answer, challenges falsehood, and lies down in peace.	The poem contrasts inward joy with the security people seek in harvests.
5	A morning prayer for guidance	The speaker asks God to hear and lead. Deceitful enemies threaten the path ahead.	The request joins worship with a need for clear direction among harmful voices.
6	A prayer through tears	The speaker asks for mercy during weakness, fear, and sleepless grief.	The closing confidence follows tears. It does not remove the pain described earlier.
7	A plea for a fair judgment	The speaker offers to accept judgment if guilty. The prayer asks God to stop violence.	The poem places the speaker’s conduct under examination along with the enemies’ conduct.
8	Human life beneath the stars	The speaker marvels at the heavens and humanity’s place among God’s works.	Smallness does not erase human worth. Care for other creatures carries responsibility.
9	Praise for justice against oppression	The speaker praises God’s judgment and asks for help against enemies.	The poor may seem forgotten, but the poem insists their hope still matters.
10	Why does the oppressor seem safe?	The speaker describes hidden attacks on the poor and asks God to intervene.	The prayer challenges the belief that unseen harm escapes judgment.
11	Trust when the foundations fail	Others urge flight. The speaker looks to the Lord, who sees human conduct.	Danger raises the question of where trust belongs when familiar supports collapse.
12	Help when honest speech disappears	The speaker contrasts flattery and boastful words with God’s promise to protect the poor.	Words can conceal harm or offer protection. The poem asks which voices deserve trust.
13	How long must the speaker wait?	The speaker asks how long God will remain distant, then recalls his kindness.	Waiting and trust occupy the same short prayer. Trust does not prevent the question.
14	Corruption and the hope of rescue	The poem describes widespread wrongdoing and people who consume others without concern.	The final hope turns toward rescue for Israel rather than confidence in human goodness.
15	Who may stay in God’s presence?	The poem names honesty, fair dealings, and refusal to exploit others.	Worship requires conduct that protects neighbors, not simply entry into a holy place.
16	A secure portion	The speaker rejects other gods and finds security in the Lord’s counsel and presence.	Inheritance becomes an image of belonging. The speaker’s greatest good is closeness to God.
17	A plea for protection from violent people	The speaker asks God to examine the heart and shelter it from enemies.	The prayer seeks protection while inviting scrutiny of the speaker’s own conduct.
18	Rescue pictured through storm and battle	The speaker recalls God’s rescue through earthquake, storm, and strength against enemies.	Large images give form to deliverance. The heading connects the song with David and Saul.
19	The heavens and God’s teaching	The skies declare God’s glory. His teaching guides the speaker toward honest words and thoughts.	The poem moves from the visible world to the conduct of one person.
20	A prayer for the king before danger	The people ask God to accept the king’s offerings and answer his plans.	Chariots and horses represent strength, but the people place their trust in God.
21	Thanks for the king’s deliverance	The poem celebrates the king’s joy, life, honor, and rescue from enemies.	Royal success appears as a gift requiring gratitude rather than a private achievement.
22	Abandonment, suffering, and praise	The speaker cries about distance, mockery, and physical danger. The ending calls others to praise.	The prayer changes from isolation to shared praise. The painful opening remains part of its witness.
23	The Lord as shepherd and host	The speaker describes guidance, danger, welcome, and a place in the Lord’s house.	The shepherd’s care continues through the dark valley. The poem does not promise a path without danger.
24	Who may enter before the King of glory?	The poem asks who may approach God. Its final call welcomes the King of glory.	Clean hands and a truthful heart connect worship with daily conduct.
25	Guidance, forgiveness, and loneliness	The speaker asks God to teach, forgive earlier sins, and relieve distress.	Learning requires humility. The request for guidance includes an honest account of past failures.
26	Integrity and love for worship	The speaker asks God to examine the heart and refuses fellowship with harmful people.	The claim of integrity becomes a request for examination rather than freedom from scrutiny.
27	Seeking God’s face amid fear	The speaker wants to dwell near God and asks for help against enemies.	Confidence and pleading stand together. Waiting requires courage while danger remains.
28	Do not remain silent	The speaker asks God to hear and avoid judging him with deceitful people.	The prayer ends by asking God to shepherd the whole people, beyond one person’s need.
29	The Lord’s voice over the storm	The poem describes the Lord’s voice shaking waters, trees, mountains, and wilderness.	The powerful storm ends with a blessing of peace for the people.
30	Mourning becomes dancing	The speaker recalls rescue from death, a time of confidence, and renewed praise.	Prosperity once seemed secure. Loss taught the speaker to recognize dependence on God.
31	Entrusting life to God	The speaker describes traps, shame, and rejection while asking for refuge.	Entrusting the spirit to God accompanies an appeal for help, not withdrawal from trouble.
32	Confession after the weight of silence	The speaker describes the strain of hiding sin and the relief of confession.	The poem connects forgiveness with honesty. Concealment had increased the speaker’s distress.
33	Praise for the maker who sees all people	The poem celebrates creation and God’s knowledge of human hearts.	Armies and strength cannot guarantee rescue. Hope rests in the Lord’s care.
34	Learning to seek peace	The speaker praises rescue and calls others to truthful speech, goodness, and peace.	Deliverance leads to practical teaching. Nearness to the brokenhearted remains central to the promise.
35	A plea against false accusations	The speaker asks for defense against enemies who repay care with hostility.	The prayer names the wound of betrayal as well as the threat of physical harm.
36	Wickedness and the reach of kindness	The poem contrasts inward wrongdoing with God’s kindness, faithfulness, and care for living creatures.	Human deceit appears narrow beside the wide reach of God’s protection.
37	Do not envy the success of wrongdoing	The poem urges patience, generosity, and trust when harmful people seem to prosper.	Its advice asks readers to choose lasting goodness over the attraction of immediate success.
38	Pain, guilt, and distant friends	The speaker describes illness, wrongdoing, and companions standing far away.	The prayer joins bodily pain with guilt and loneliness. It asks God not to withdraw too.
39	The brevity of life	The speaker struggles to remain silent and reflects on how quickly human life passes.	Short life makes wealth uncertain. The prayer asks where hope can rest.
40	Rescue followed by a new appeal	The speaker recalls rescue and public praise, then asks for help in fresh distress.	Earlier deliverance becomes a reason to pray again when new trouble arrives.
41	Care for the weak and betrayal	The speaker praises care for the poor and asks for help amid illness and betrayal.	The kindness praised at the start contrasts with the companions’ conduct toward the suffering speaker.
42	Thirst for God far from worship	The speaker remembers worship, hears taunts, and longs for God like a thirsty deer.	Remembered joy deepens the sense of distance. The repeated call to hope answers inward despair.
43	Send light and truth	The speaker asks for defense and a return to God’s altar.	The repeated question to the soul connects this prayer with Psalm 42’s struggle for hope.
44	A people ask why defeat came	The people recall earlier victories but describe present shame despite continued loyalty.	The prayer questions a simple link between faithfulness and immediate success.
45	A song for a royal wedding	The poem praises a king’s rule and addresses the bride entering his household.	The wedding song joins royal honor with the demand that the king love justice.
46	Refuge when the world shakes	The poem pictures mountains falling, nations raging, and God protecting his city.	The call to be still interrupts panic and draws attention to God’s rule.
47	Praise before the king of all nations	The poem calls every people to celebrate God’s rule.	The praise reaches beyond Israel. The rulers of the earth belong under one greater authority.
48	Walk around Zion	The people praise God’s city and tell the next generation about its towers and defenses.	The walk turns a visible city into a shared memory of protection.
49	Wealth cannot purchase life	The poem contrasts the confidence of wealthy people with the death that reaches everyone.	Possessions cannot redeem another person’s life. The final warning asks what riches actually secure.
50	God examines the worshipers	God calls the people to account and challenges offerings joined with theft and harmful speech.	Thanksgiving and honest conduct matter more than treating sacrifices as payment for God’s care.
51	Create a clean heart	The speaker confesses wrongdoing and asks for cleansing, renewed joy, and a willing spirit.	The request reaches beyond escape from punishment toward a changed heart.
52	A powerful person’s harmful words	The poem condemns deceit and trust in riches. The speaker appears as an olive tree.	Destructive speech exposes misplaced confidence. The living tree represents trust in enduring kindness.
53	Corruption and rescue for Israel	The poem describes widespread wrongdoing and the fear of those who oppose God’s people.	Its closing hope seeks the restoration of Israel rather than praising human strength.
54	Help against strangers and violent people	The speaker asks God to hear, defend, and sustain life.	The heading connects the prayer with the Ziphites reporting David’s hiding place to Saul.
55	Betrayal by a close companion	The speaker longs to escape violence and describes betrayal by a trusted companion.	Shared worship makes the betrayal especially painful. The prayer seeks support beyond the failed friendship.
56	Trust amid fear	The speaker describes pursuit, twisted words, and tears while declaring trust in God.	Fear is admitted before trust is expressed. The poem treats tears as worth remembering.
57	Shelter until danger passes	The speaker seeks refuge while describing traps and hostile people.	The prayer moves from danger toward praise without pretending the threats were harmless.
58	A cry against unjust rulers	The speaker challenges corrupt judgment and asks God to overthrow violent people.	The harsh images express anger at injustice. They show the force of the speaker’s demand.
59	Enemies circle the house	The speaker describes enemies prowling like dogs and turns toward God as a refuge.	The heading connects the threat with Saul’s men watching David’s house.
60	Defeat and a renewed appeal	The people describe shaken land and ask God to help against their enemies.	The named lands appear in a plea for renewed strength, not a travel account.
61	A prayer from far away	The speaker asks for shelter beneath God’s wings and protection for the king.	Distance becomes a reason to seek a refuge stronger than the speaker’s own position.
62	Waiting without depending on riches	The speaker rejects falsehood, oppression, and trust in wealth while waiting for God.	Silence expresses settled reliance. The poem joins power with kindness and accountability.
63	Longing for God in dry land	The speaker seeks God, remembers worship, and praises during the night.	Dry land gives a physical image to longing. Memory sustains praise while the need remains.
64	Hidden plots and harmful speech	The speaker compares hostile words with arrows and describes secret plans against the innocent.	The poem expects hidden attacks to become visible through God’s judgment.
65	Praise for forgiveness and harvest	The poem thanks God for answered prayer, calm seas, rain, and abundant crops.	Care for the land connects worship with the food that sustains ordinary life.
66	A people remember rescue	The people recall passage through water, testing, and deliverance. One speaker tells of answered prayer.	Shared memory leads into personal witness. Both describe help received after hardship.
67	Blessing that reaches the nations	The people ask for blessing so every nation may know God’s way.	The harvest becomes a reason for the whole earth to give thanks.
68	The protector leads his people	The poem pictures God advancing, scattering enemies, and providing for people without protection.	Praise connects great power with care for orphans, widows, and prisoners.
69	Sinking beneath shame and hostility	The speaker compares distress with deep water and asks for rescue from hatred.	The prayer gives voice to isolation and anger. Its demands against enemies require careful reading.
70	An urgent call for help	The speaker asks God to hurry and stop enemies. Those who seek him should rejoice.	The short prayer keeps urgency at its center. The speaker has no resources to delay.
71	A prayer in old age	The speaker recalls trust from youth and asks for help while strength fails.	Old age becomes a time to tell the next generation about God’s help.
72	A king who protects the poor	The prayer asks for a king who judges fairly and rescues the weak from oppression.	Good rule receives its measure from the safety of those who lack power.
73	Envy challenged in the sanctuary	The speaker envies wicked people’s comfort. Worship changes the view of their future.	The poem admits the attraction of easy success before finding a different measure of good.
74	A plea after the sanctuary’s destruction	The people describe burned worship places and ask God to remember his people.	The prayer joins damaged buildings with the fear that God has withdrawn from the community.
75	A warning against proud power	The poem gives thanks and warns arrogant people that judgment belongs to God.	Raised horns picture claims to strength. The warning challenges power that refuses restraint.
76	God stops the weapons of war	The poem praises God in Zion and describes warriors losing their strength.	Divine judgment protects the afflicted while ending the confidence of armed power.
77	Remembering rescue during a sleepless night	The speaker asks whether God’s kindness has ended, then remembers the passage through the sea.	Memory does not erase the questions. It provides another way to see the present silence.
78	Tell the children about earlier failures	The poem recalls the wilderness, repeated rebellion, and God’s choice of Judah and David.	The long account asks the next generation to learn rather than repeat the same failures.
79	Prayer among the ruins of Jerusalem	The people describe destroyed worship places, unburied bodies, and hostile neighbors.	Grief leads to requests for forgiveness, rescue, and judgment against those who caused the destruction.
80	Restore the vine you brought from Egypt	The people ask God to restore them and compare Israel with a damaged vine.	The vine once spread widely. Its broken defenses picture a people exposed to attack.
81	Listen to the voice that freed you	The poem calls for festival music and recalls God’s rescue from Egypt.	The warning says freedom should lead to listening rather than continued refusal.
82	God judges the assembly	God confronts judges who fail the poor. He orders them to protect people facing harm.	McClellan reads the accused figures as other gods failing to govern their nations justly.
83	A prayer against surrounding enemies	The speaker lists hostile peoples and asks God to defeat their united plans.	Memories of earlier victories become the language for a present plea for protection.
84	Longing for God’s courts	The speaker envies birds nesting near the altar and describes the joy of approaching worship.	The journey’s hardship stands beside the desire for one day near God.
85	A people ask for renewed life	The people remember forgiveness, ask for restoration, and picture kindness meeting truth.	Peace includes justice. The poem joins renewed life with a changed relationship to God.
86	A plea from a faithful servant	The speaker asks for mercy, an undivided heart, and a sign of help.	The prayer links rescue with learning to walk in God’s truth.
87	Peoples counted as belonging to Zion	The poem names foreign peoples and imagines them registered as born in Zion.	The birth register widens belonging beyond one people’s ancestry. Rahab here names Egypt poetically.
88	A prayer that ends in darkness	The speaker describes isolation, approaching death, and repeated unanswered cries.	The final line offers no turn toward relief. The prayer preserves suffering without a quick resolution.
89	A promise to David amid royal defeat	The poem praises God’s rule and promise to David, then describes the king’s humiliation.	The question asks how lasting promises fit a broken crown and unanswered distress.
90	Teach us to number our days	The prayer contrasts God’s enduring life with brief human years and asks for renewed kindness.	Awareness of limited time leads to a request for wisdom and useful work.
91	Shelter under God’s wings	The poem describes protection from traps, disease, terror, and attacking forces.	Its images express confident trust. They belong to a song rather than a prediction for every life.
92	A Sabbath song of lasting growth	The poem praises God’s works and contrasts fleeting wicked success with fruitful old age.	Trees near God’s house picture a life that keeps bearing fruit beyond youth.
93	The king above the flood	The poem pictures God’s enduring rule above the roar of great waters.	The threatening flood gives scale to a greater stability in God’s reign.
94	Justice for people harmed by rulers	The speaker condemns rulers who kill people without protection and calls for judgment.	The poem names harmful laws as well as harmful acts. Legal power does not make injustice right.
95	Praise without a hardened heart	The people approach God with singing, then hear a warning from the wilderness story.	Worship must include listening. Earlier refusal becomes a warning for the present gathering.
96	Tell the nations about the Lord	The poem calls the earth to sing and all peoples to recognize God’s rule.	The coming judgment is cause for joy because it promises fairness for the world.
97	Light for those who love justice	The poem pictures clouds, fire, trembling earth, and joy at God’s reign.	The call to hate evil turns praise into a choice about conduct.
98	A new song for rescue	The people celebrate deliverance with voices and instruments. Rivers and hills join the praise.	The widening celebration connects Israel’s rescue with fair judgment for the whole earth.
99	A holy ruler who answers	The poem praises justice and recalls Moses, Aaron, and Samuel calling on God.	Answered prayer includes both forgiveness and correction. Holiness does not remove accountability.
100	Enter with thanks	The people approach God with joyful service and praise his lasting kindness.	The short invitation grounds gratitude in belonging and care across generations.
101	A ruler’s promises for his household	The speaker promises honest conduct and refuses deceit, slander, and proud company.	Fair rule begins with the choices made close to home, not only public promises.
102	An afflicted person waits for Zion’s renewal	The speaker describes weakness and loneliness while hoping for restored worship in Jerusalem.	A brief human life is set beside God’s endurance and hope for later generations.
103	Remember mercy and human frailty	The speaker recalls forgiveness, healing, and kindness while comparing human life with grass.	Awareness of weakness supports compassion rather than contempt for those who fail.
104	A world supplied with life	The poem describes water, food, animals, seasons, work, and God’s renewing breath.	Many kinds of life depend on provision beyond their own strength.
105	Remember the promise and the journey	The poem recalls Abraham’s family, Joseph in Egypt, Moses, and the departure from slavery.	The long memory connects the gift of land with a call to keep God’s teaching.
106	Confession through the people’s history	The people confess failures during the wilderness and later life in the land.	Remembering wrongdoing becomes part of asking for rescue. The account includes harm to children.
107	Give thanks after different kinds of danger	The poem describes lost travelers, prisoners, sick people, and sailors finding rescue.	Different situations share a repeated call to recognize kindness after help arrives.
108	Praise followed by a plea for victory	The speaker praises God and asks for help across named lands.	The images of land concern rule and conflict. They do not describe a new journey.
109	Anger against an accuser	The speaker describes hatred repaying kindness and calls for severe punishment of an enemy.	The prayer records intense anger. Its wishes extend harm to the enemy’s family.
110	A royal figure and a priest	The poem addresses a ruler seated at God’s right hand and names Melchizedek’s priestly order.	Royal and priestly images stand together. Later readers apply them to the Messiah.
111	Remember the works of the Lord	The poem celebrates provision, faithfulness, and teaching that endures.	Remembered help leads toward wisdom expressed in keeping God’s commands.
112	Generosity in a secure household	The poem praises the person who fears God, lends freely, and gives to the poor.	Its picture of strength includes generosity. Security does not require withholding help from neighbors.
113	The high God lifts the lowly	The poem praises the Lord above the nations and describes poor people raised from dust.	Greatness appears through attention to people others overlook.
114	The earth responds to the departure from Egypt	The sea flees, the Jordan turns back, and mountains move before the Lord.	The landscape becomes a poetic witness to the people’s rescue and God’s provision of water.
115	Living trust and lifeless idols	The people ask God to defend his name and contrast his power with handmade idols.	The idols have body parts but cannot act. Trust shapes what worshipers become like.
116	Thanks after a plea near death	The speaker recalls crying for help and promises public thanks and fulfilled vows.	Rescue leads to gratitude expressed before others, not only private relief.
117	Every nation is called to praise	The poem calls all peoples to praise the Lord’s kindness and faithfulness.	Its two verses widen the invitation beyond Israel while keeping the reason for praise clear.
118	The rejected stone becomes central	The speaker celebrates rescue and enters the gates of worship with thanks.	Rejection does not settle the stone’s worth. Deliverance changes its place in the community.
119	Learning God’s teaching through a long prayer	The speaker asks for understanding, protection, and faithfulness while facing hardship.	Its 22 sections follow Hebrew alphabet letters. Each section has eight verses about God’s teaching.
120	Peace among people who seek war	The speaker asks for rescue from lying tongues and describes living among hostile people.	Meshech and Kedar express distance and hostility. The poem does not give a travel sequence.
121	Help from the maker of heaven and earth	The speaker looks toward the hills and hears assurance of God’s watchful care.	The keeper’s wakefulness answers the traveler’s need for protection along the way.
122	Prayer for Jerusalem’s peace	The speaker rejoices in entering Jerusalem and asks for peace within its walls.	Love for the city includes concern for the people who live and worship there.
123	A plea from people treated with contempt	The people look to God as servants watch their master’s hand.	The image joins dependence with expectation. The prayer names contempt as a burden needing relief.
124	What if the Lord had not helped?	The people compare danger with flood and a bird’s trap, then celebrate escape.	The imagined outcome makes rescue visible by describing what could have overwhelmed them.
125	Steadfast trust and crooked paths	The poem compares those who trust God with Mount Zion surrounded by mountains.	The closing prayer asks for good treatment while warning against joining harmful conduct.
126	Restoration and tears at planting	The people remember sudden joy and ask for further renewal like streams in dry land.	Planting with tears keeps hope connected to effort made before any harvest appears.
127	Work, rest, and children	The poem says building and guarding depend on God and describes children as a gift.	The contrast challenges anxious labor that leaves no room for rest or trust.
128	Blessing at the household table	The poem pictures fruitful work, a spouse, children, and peace for Jerusalem.	Household well-being connects with the wider community rather than remaining a private good.
129	A people remember repeated oppression	The people describe long mistreatment and compare it with plowing across their backs.	The image gives physical force to oppression. Survival does not make the earlier harm small.
130	Waiting from the depths	The speaker cries for mercy and waits for God like guards waiting for morning.	Hope rests in forgiveness rather than a claim to have avoided every wrong.
131	A quieted soul	The speaker rejects proud aims and compares the soul with a weaned child.	The child’s settled presence pictures trust without demands for greater status.
132	Remember David’s promise about worship	The prayer recalls David seeking a place for the ark and God’s promise about Zion.	Royal promise and worship belong together. The prayer also asks for faithful descendants and joyful priests.
133	The goodness of living together	The poem compares unity with flowing oil and dew reaching Zion.	The descending images picture a blessing shared rather than kept at its source.
134	Blessing in the night	The poem calls servants in the Lord’s house to praise during the night.	The brief exchange joins the worshipers’ blessing of God with a blessing sent from Zion.
135	Praise above idols and earthly rulers	The poem remembers rescue from Egypt, defeated kings, and God’s rule over nature.	The remembered acts contrast with idols that cannot speak, see, or hear.
136	Kindness remembered in every line	The poem recalls creation, departure from Egypt, wilderness travel, and provision of food.	The repeated response connects each remembered act with enduring kindness.
137	Songs withheld beside Babylon’s rivers	Exiles remember Zion, resist demands for songs, and end with a violent wish against Babylon.	The final wish includes killing children. It expresses revenge within the exiles’ grief and humiliation.
138	Thanks before the mighty	The speaker gives thanks for an answer and says God attends to the lowly.	Confidence about rescue stands beside a final request not to abandon the work already begun.
139	Known wherever the speaker goes	The speaker describes God’s knowledge, inescapable presence, and care before birth.	The final request invites examination of the heart after forceful words against enemies.
140	Protection from violent people	The speaker asks for rescue from traps, hostile words, and plans for war.	The closing confidence turns toward justice for the poor and safety for upright people.
141	Guard the mouth and guide correction	The speaker asks for careful speech and welcomes correction from an upright person.	Protection includes help against the speaker’s own harmful choices, not only outside enemies.
142	A refuge when nobody offers help	The speaker describes hidden traps, failed escape, and the absence of anyone who cares.	The prayer names abandonment directly and asks for release into a grateful gathering.
143	Teach me the way I should go	The speaker admits no living person is fully just and asks for guidance amid danger.	The request joins mercy with a desire to change direction through God’s teaching.
144	A king asks for rescue and flourishing	The speaker praises God’s help in battle. He asks for protection, thriving children, and abundance.	The desired outcome reaches beyond victory toward households and streets free from distress.
145	Tell later generations about God’s care	The poem praises greatness, compassion, food for creatures, and help for those who fall.	Lasting kingship appears through care that reaches weak people and all living things.
146	Do not put lasting hope in rulers	The poem contrasts mortal leaders with God. He helps hungry people, prisoners, and those without protection.	Human plans end with death. The praise identifies care for the overlooked as enduring strength.
147	Praise for renewal, weather, and teaching	The poem describes restored Jerusalem, gathered exiles, healed hearts, and provision for creatures.	Care for a city and care for the wider world appear within one song.
148	Heaven and earth join the praise	The poem calls stars, weather, animals, rulers, and children to praise the Lord.	The long invitation places powerful rulers alongside creatures and people of every age.
149	A new song and a call for judgment	The people celebrate with music and then describe armed judgment against nations and kings.	The ending joins praise with force. Its violent images remain part of the song’s claim.
150	Let everything with breath praise	The final poem calls for praise with horns, strings, drums, dance, and cymbals.	The collection ends with a wide invitation rather than one person’s prayer.
